{
  "model_name": "NOX_XGB_130_136",
  "version": 1,
  "timestamp": "2025-11-16 22:02:42",
  "features": [
    "TIT",
    "TAT",
    "CDP",
    "GTEP",
    "AFDP",
    "AT",
    "AP",
    "AH",
    "TEY"
  ],
  "band": "130_136",
  "rows": 5199,
  "best_params": {
    "n_estimators": 1498,
    "max_depth": 16,
    "learning_rate": 0.014593075694938945,
    "subsample": 0.6727084711338512,
    "colsample_bytree": 0.894343710249411,
    "min_child_weight": 4,
    "gamma": 0.48241809666090013,
    "reg_lambda": 8.73890319410251,
    "reg_alpha": 2.2003936043581276
  },
  "cv": {
    "cv_r2_mean": 0.7914472630727445,
    "cv_r2_std": 0.016849183461162195,
    "cv_mae_mean": 2.3185113742411287,
    "cv_mae_std": 0.08448189043330864
  },
  "holdout": {
    "r2": 0.7991834177704409,
    "mae": 2.2822448998084437,
    "rmse": 3.4572501627515697,
    "mape": 3.3539995689549293
  }
}