{
  "model_name": "NOX_XGB",
  "version": 1,
  "timestamp": "2025-11-07 12:16:27",
  "features": [
    "TIT",
    "TAT",
    "CDP",
    "GTEP",
    "AFDP",
    "AT",
    "AP",
    "AH",
    "TEY"
  ],
  "best_params": {
    "n_estimators": 707,
    "max_depth": 14,
    "learning_rate": 0.02584254293939023,
    "subsample": 0.7767985942616596,
    "colsample_bytree": 0.9509850175210535,
    "min_child_weight": 8,
    "gamma": 1.1123143383425143,
    "reg_lambda": 5.098818953966899,
    "random_state": 42,
    "n_jobs": -1
  },
  "train_rows": 14310
}