{
  "model_name": "NOX_XGB_160p",
  "version": 1,
  "timestamp": "2025-11-16 22:02:42",
  "features": [
    "TIT",
    "TAT",
    "CDP",
    "GTEP",
    "AFDP",
    "AT",
    "AP",
    "AH",
    "TEY"
  ],
  "band": "160p",
  "rows": 678,
  "best_params": {
    "n_estimators": 662,
    "max_depth": 15,
    "learning_rate": 0.025950204256860853,
    "subsample": 0.7480292575154825,
    "colsample_bytree": 0.9681206125325355,
    "min_child_weight": 3,
    "gamma": 2.6449183895387716,
    "reg_lambda": 1.8954838173904505,
    "reg_alpha": 0.9463673718139343
  },
  "cv": {
    "cv_r2_mean": 0.7917624007197063,
    "cv_r2_std": 0.035474368001332586,
    "cv_mae_mean": 2.182587633064952,
    "cv_mae_std": 0.2327851314438247
  },
  "holdout": {
    "r2": 0.8187924025325821,
    "mae": 1.9701309318542481,
    "rmse": 2.693440967901601,
    "mape": 2.8783690100930364
  }
}